{"total_perguntas":6,"limite_erros":3}
{"pergunta":"Questão 1 - Atualizado","respostas":[[1,"Alternativa 1",0],[2,"Alternativa 2",1],[3,"Alternativa 3",0],[4,"Alternativa 4",0]]}
{"pergunta":"Questão 2","respostas":[[1,"Alternativa 1",1],[2,"Alternativa 2",0],[3,"Alternativa 3",0],[4,"Alternativa 4",0]]}
{"pergunta":"Questão 3","respostas":[[1,"Alternativa 1",1],[2,"Alternativa 2",0],[3,"Alternativa 3",0],[4,"Alternativa 4",0]]}
{"pergunta":"Questão 4","respostas":[[1,"Alternativa 1",1],[2,"Alternativa 2",0],[3,"Alternativa 3",0],[4,"Alternativa 4",0]]}
{"pergunta":"Questão 5","respostas":[[1,"Alternativa 1",1],[2,"Alternativa 2",0],[3,"Alternativa 3",0],[4,"Alternativa 4",0]]}
{"pergunta":"5","respostas":[[1,"4",0],[2,"3",0],[3,"2",0],[4,"1",1]]}
